bank,subreddit,title,selftext,score,num_comments,url,permalink,created_utc,created_date,author,id
ENBD,UAE,Emirates NBD not returning the stolen money despite police catching the scammer and deporting him,"3 months ago, a transaction of AED7k  was taken from my fathers credit card via Google pay despite my dad not receiving even an OTP from the bank. 

The bank kept denying accountability, so he filed a police case and they arrested the individual who happened to live in UAE itself, the arrested individual confessed to his crime and was deported. 

But now Central bank rejected our request to get the money back saying it’s not the banks responsibility. What do I do in this situation? How can we trust our money in the bank when they offer 0 protection when funds are  stolen by frauds. ",1,9,https://www.reddit.com/r/UAE/comments/1rvcau3/emirates_nbd_not_returning_the_stolen_money/,https://www.reddit.com/r/UAE/comments/1rvcau3/emirates_nbd_not_returning_the_stolen_money/,1773674243.0,2026-03-16 15:17:23,No_Department1748,1rvcau3
ENBD,UAEcreditcards,LIV by ENBD Credit Card,"I have a Liv. credit card. Do you also experience that the minimum cashback you can redeem is AED 500, or am I mistaken?
",2,3,https://www.reddit.com/r/UAEcreditcards/comments/1rv8f4g/liv_by_enbd_credit_card/,https://www.reddit.com/r/UAEcreditcards/comments/1rv8f4g/liv_by_enbd_credit_card/,1773665094.0,2026-03-16 12:44:54,jerababy,1rv8f4g
ENBD,UAEcreditcards,Best credit card for my current expenditures?,"At the moment I have ENBD Duo and ADIB cashback card. I know ENBD duo isn't very good nowadays but I'm still keeping it because I have some items I purchased and converted into installments. So really I utilize mostly my ADIB cashback card since from what I know you need an minimum of 5k spend per month using the ENBD duo. 

Here are my main monthly expenditures:

DEWA

Etisalat

Tabby Payments

Fast food (Work Lunch)

Delivery apps like Keeta, Talabat, Noon

Is ADIB good enough or shall I cancel it and open another credit card like SIB ",1,4,https://www.reddit.com/r/UAEcreditcards/comments/1rv3r86/best_credit_card_for_my_current_expenditures/,https://www.reddit.com/r/UAEcreditcards/comments/1rv3r86/best_credit_card_for_my_current_expenditures/,1773649416.0,2026-03-16 08:23:36,Kolabear15,1rv3r86
ENBD,TradingViewSignals,All flights to and from Dubai have been temporarily suspended. Emirates Airlines $ENBD is currently facing challenges.,"Emirates airline just posted: 

Please do not go to the airport.

Emirates will share updates when available. We would like to thank our customers for their understanding and patience.

The safety of our passengers and crew is our highest priority and will not be compromised.",1,1,https://i.redd.it/hzvrpldc9cpg1.jpeg,https://www.reddit.com/r/TradingViewSignals/comments/1rv0bud/all_flights_to_and_from_dubai_have_been/,1773636976.0,2026-03-16 04:56:16,Ubersicka,1rv0bud
ADCB,HungryArtists,"[For Hire] I'm a Multimedia Designer TouchDesigner/CGI/3D Character Rig, MoCap, Animation, Textures/VFX Pro","Hello, I'm a multimedia designer and independent artist that has worked for a little more than 5 years in various industry projects. 
If you need a set of visuals for a live performance that must run in real time, 3D art for a game or project. Develop a narrative with animation and storytelling. Design and realize a VFX heavy scene. Anything I can do, you can count on me.

We can create:

Optimized 3D: Modeling, Retopology, Texturing. Character Rigging, Animation & MoCap Clean up. Animation Sets. Delivered in any file format you need. 

VFX Development & Integration: Develop your idea for a VFX oriented composition in your scene or project. 

Set of Visuals(Live): Create a set of visuals (clips, animation, motion graphics) for your content or live performances. I can work using tools like TouchDesigner/Resolume to help you create a set of live visuals that can react to your audio input, be controlled in real time and synch with your set. 

Motion graphics/2D-3D Animation: I will help you in making a motion graphic, or 2D/3D animation for your brand. 

3D Rendering & Product Animation: I will help you develop interesting 3D renders for your products or environments. So you can showcase what you make yo your clients. 

Portfolio: https://linktr.ee/ivangeraldo

Hourly Rate: $12/hr

You can reach out to me via email:
ivan.geraldo.nu@gmail.com
",1,0,https://www.reddit.com/gallery/1ruzen7,https://www.reddit.com/r/HungryArtists/comments/1ruzen7/for_hire_im_a_multimedia_designer/,1773633995.0,2026-03-16 04:06:35,IvanGeraldo,1ruzen7
ADCB,Artistsforhire,"[For Hire] I'm a Multimedia Designer TouchDesigner/CGI/3D Character Rig, MoCap, Animation, Textures/VFX Pro | $12/hr","Hello, I'm a multimedia designer and independent artist that has worked for a little more than 5 years in various industry projects. 
If you need a set of visuals for a live performance that must run in real time, 3D art for a game or project. Develop a narrative with animation and storytelling. Design and realize a VFX heavy scene. Anything I can do, you can count on me.

We can create:

Optimized 3D: Modeling, Retopology, Texturing. Character Rigging, Animation & MoCap Clean up. Animation Sets. Delivered in any file format you need. 

VFX Development & Integration: Develop your idea for a VFX oriented composition in your scene or project. 

Set of Visuals(Live): Create a set of visuals (clips, animation, motion graphics) for your content or live performances. I can work using tools like TouchDesigner/Resolume to help you create a set of live visuals that can react to your audio input, be controlled in real time and synch with your set. 

Motion graphics/2D-3D Animation: I will help you in making a motion graphic, or 2D/3D animation for your brand. 

3D Rendering & Product Animation: I will help you develop interesting 3D renders for your products or environments. So you can showcase what you make yo your clients. 

Portfolio: https://linktr.ee/ivangeraldo

Hourly Rate: $12/hr

You can reach out to me via email:
ivan.geraldo.nu@gmail.com",1,0,https://www.reddit.com/gallery/1ruz24s,https://www.reddit.com/r/Artistsforhire/comments/1ruz24s/for_hire_im_a_multimedia_designer/,1773632950.0,2026-03-16 03:49:10,IvanGeraldo,1ruz24s
ADCB,UAEcreditcards,Is foreclosure of payment plans mandatory for closing ADCB CC. even though balance is zero,"I’m trying to close my ADCB CC.  Paid a big portion of the utilized amount from another bank (now it’s Zero). So when i went to their branch in the same payment date. They told me that its showing 4k AED

So i don’t know if it’s due the time needed to be reflected in the bank system or is it related to the several payment plans ?

Also if there’s a way to cancel it using the app or customer service. Would be appreciated ",2,2,https://www.reddit.com/r/UAEcreditcards/comments/1ruvzpm/is_foreclosure_of_payment_plans_mandatory_for/,https://www.reddit.com/r/UAEcreditcards/comments/1ruvzpm/is_foreclosure_of_payment_plans_mandatory_for/,1773624255.0,2026-03-16 01:24:15,First-Emergency6278,1ruvzpm
EI,snappisensuroimat0n,"Alisa ei varmaan oikeasti tajua, että naisetkin haluaa seksiä🥲",Niin tiedoton kaikesta seksuaalisuudesta,2,1,https://i.redd.it/pv45q1df1gpg1.jpeg,https://www.reddit.com/r/snappisensuroimat0n/comments/1rvgcev/alisa_ei_varmaan_oikeasti_tajua_että_naisetkin/,1773682742.0,2026-03-16 17:39:02,kondomi1234,1rvgcev
EI,FashionRepsBST,[FS] [USA] jRd@N 1-4 & 12 sizes 10.5-12.5,"OG all and worn less than 5 times

If you have any questions or need more pics shoot me a pm

Tagged photos timestamp https://imgur.com/a/OWlmAQz

JrD@N 1 size 11:

TrB0 Gr33N $65

M0CH@ $65

n3UTR@L Gr3Y $60

w@$HeD BL@K $65

@ m@ m@Ni3R3 $60

r00ki3 of Y3@R $60

JrD@N 2 @ m@ m@Ni3R3 size 11 $50

JrD@N 3 wHiT3 C3m3nT rEiM@giN3 size 11 s0LD

JrD@N 4  wHiT3 C3m3nT 2o16 size 11 $45

n@Vy $B size 10.5 $80

N30N 95 size 11.5 $55

T@uP3 H@z3 size 11 $65

JrD@N 12 T@xi 2013 size 11 $45

PayPal invoice only",1,1,https://www.reddit.com/r/FashionRepsBST/comments/1rvgc6u/fs_usa_jrdn_14_12_sizes_105125/,https://www.reddit.com/r/FashionRepsBST/comments/1rvgc6u/fs_usa_jrdn_14_12_sizes_105125/,1773682729.0,2026-03-16 17:38:49,Stee_ha,1rvgc6u
EI,TESOfashion,My character and his lore. Is it trash?,"he’s an Argonian healer from the white marsh. it is filled with fog and the wood is solid black. 

Hes from the Waje-ei tribe which means white/pale eyes in Saxhleel also known as the Argonian language. 

Is his outfit ass or no?",2,0,https://www.reddit.com/gallery/1rvgbhn,https://www.reddit.com/r/TESOfashion/comments/1rvgbhn/my_character_and_his_lore_is_it_trash/,1773682690.0,2026-03-16 17:38:10,Terrible-Strike4502,1rvgbhn
EI,barTEOLOGIA,"DINOSSAUROS, MORTE E O PARAÍSO: COMO ISSO SE ENCAIXA NA BÍBLIA?","Todos sabem que a bíblia não é um livro de biologia, mas.....  
  
Gênesis 1:30 afirma que Deus deu ""toda a erva verde"" como alimento para todos os animais . Isso inclui ""todos os grandes animais da terra, todas as aves do céu e todas as criaturas que se movem rente ao chão""

Se plantas são seres vivos e já eram consumidas no início, já existia algum tipo de morte (transformação da matéria viva - ciclo biológico de consumo e digestão).  

Gênesis 1:31 conclui: ""E viu Deus tudo o que tinha feito, e eis que era muito bom""

A palavra hebraica para ""bom"" (טוֹב, *tov*) indica algo funcional, belo e agradável aos olhos de Deus (ecossistema funcional). Para muitos isso permite que carnívoros (dinossauros incluídos) fizessem parte do design original de Deus — predação como parte do equilíbrio natural, não como ""mal"" ou consequência do pecado humano.

**Então surge uma pergunta para debate:**

**Existem ""mortes"" diferentes na bíblia? A Bíblia fala da morte humana/espiritual em um dado momento, enquanto a morte biológica (dinossauros, por exemplo) já existia milhões de anos na natureza?**  


https://preview.redd.it/rntoxqn01gpg1.png?width=729&format=png&auto=webp&s=5359a67b68918b5c97182c354c3f85e7f5ac033b

  
 

",1,2,https://www.reddit.com/r/barTEOLOGIA/comments/1rvgaxh/dinossauros_morte_e_o_paraíso_como_isso_se/,https://www.reddit.com/r/barTEOLOGIA/comments/1rvgaxh/dinossauros_morte_e_o_paraíso_como_isso_se/,1773682659.0,2026-03-16 17:37:39,NecessaryIcy7035,1rvgaxh
EI,TwentiesIndia,Do people spread agenda online ? just curious,"Someone posted an AI image of a pregnant muslim women saying she gave birth to her 18th child at 50, where women already reach menopause at 50 so its almost impossible to pregnant at that age",1,1,https://www.reddit.com/gallery/1rvgard,https://www.reddit.com/r/TwentiesIndia/comments/1rvgard/do_people_spread_agenda_online_just_curious/,1773682651.0,2026-03-16 17:37:31,Longjumping-Park-954,1rvgard
EI,snappisensuroimat0n,Iida Väisänen,"En tiiä ootteko nähny tän tiktokkeja, mutta mun mielestä ei kauheen terveeltä vaikuta. Tulee samat vibat kun Noora.k07:stä. ",3,1,https://i.redd.it/u829pl001gpg1.jpeg,https://www.reddit.com/r/snappisensuroimat0n/comments/1rvg9tq/iida_väisänen/,1773682598.0,2026-03-16 17:36:38,Terrible_Pickle9188,1rvg9tq
EI,Market76,H: LEGACY W: LEADERS,,0,1,https://i.redd.it/a3e8qzdv0gpg1.jpeg,https://www.reddit.com/r/Market76/comments/1rvg95w/h_legacy_w_leaders/,1773682559.0,2026-03-16 17:35:59,Necessary_Flan5392,1rvg95w
EI,arkisuomi,"Lidl plus, ei internetyhteyttä","Morjens. Lidl Plus -sovellus ei päästä kirjautumaan, koska väittää ettei internetyhteyttä ole. Vinkkejä? Lidlin omien sivujen vianselvitykset tehty. Puhelimena Google Pixel 9A. Appi meni rikki noin kuukausi sitten.",0,1,https://www.reddit.com/r/arkisuomi/comments/1rvg81z/lidl_plus_ei_internetyhteyttä/,https://www.reddit.com/r/arkisuomi/comments/1rvg81z/lidl_plus_ei_internetyhteyttä/,1773682493.0,2026-03-16 17:34:53,Evil_E90,1rvg81z
EI,snappisensuroimat0n,Elias,"Onkohan taas joku sekopää looksmaxing alpha male? Tulee vaa mielee se joku onni, joka teki tiktokkiin looksmaxing sisältöö ja jossain toisella alustalla puhu että pitää naisia esineinä ja tartuttaa tahalteen tauteja muille.",3,0,https://i.redd.it/iwu6y5og0gpg1.jpeg,https://www.reddit.com/r/snappisensuroimat0n/comments/1rvg6sp/elias/,1773682418.0,2026-03-16 17:33:38,Terrible_Pickle9188,1rvg6sp
EI,CookbookLovers,This is so fun! 1932 Cookbook w/cut outs!!,"Found this at a used bookstore and it just makes me SO happy! Bonus handwritten instructions for a rosette iron I just found in my mom's garage (without instructions!) squeeee 🤗
",1,0,https://www.reddit.com/gallery/1rvg6pj,https://www.reddit.com/r/CookbookLovers/comments/1rvg6pj/this_is_so_fun_1932_cookbook_wcut_outs/,1773682412.0,2026-03-16 17:33:32,cmcosmos,1rvg6pj
EI,horror,Versus (2000),"Yakuza versus zombies! The Japanese made Versus really surprised me when I first saw it years ago. It was a brilliant zombie and action film and amazing from an independent film standpoint what they pulled off just shooting in a forest location. 

Plus I think it might one of the first films that featured zombies with guns!

Tak Sakaguchi is fantastic in the lead and Kenji Matsuda was great as the gay Yakuza who later becomes a tree crawling zombie. Really liked the ending scene too and the last line.

[Versus vs. Yakuza vs. Zombies!](https://preview.redd.it/70cn3nixyfpg1.jpg?width=800&format=pjpg&auto=webp&s=6101e6274beb87cca2b1b12c689d3eae5d041209)

",3,0,https://www.reddit.com/r/horror/comments/1rvg4u1/versus_2000/,https://www.reddit.com/r/horror/comments/1rvg4u1/versus_2000/,1773682301.0,2026-03-16 17:31:41,Jackalweres,1rvg4u1
EI,Crappy_Art_With_Audio,Dragon Code,,1,0,https://i.redd.it/dzdj3qjkzfpg1.jpeg,https://www.reddit.com/r/Crappy_Art_With_Audio/comments/1rvg1p8/dragon_code/,1773682123.0,2026-03-16 17:28:43,Sweet_Experience4937,1rvg1p8
EI,cowboyboots,Dan Post Elephant Boots on a Nasty Monday,"Vintage Dan Post Style 9600, I think. 

First, are elephant skins truly exotic? I guess anything that's not bovine (cowhide, bullhide, or calfskin) or goat is considered exotic, right? But they are tough as nails and generally indestructible. So, it's an easy to maintain leather compared to any of the reptile leathers. 

Second, these were a nasty dusty-muddy brown when I got them. It took hours of cleaning to get the waxes off, get them reconditioned, and get the cigarette smell out. I still wasn't satisfied with them, though, and planned to resell them.

But I recently conditioned them again with Bick 4 and added a layer of Saphir Medaiile D'or creme in Tobacco brown, let it dry, and then lightly buffed off the creme polish from the surface. The brown color stayed below the surface areas just like I hoped, though the contrast is not as great as I had hoped for. However, all the wrinkles do pop a little more. So, I'm thinking about keeping them.  They are 12 EE and a little large, since I mostly wear 12 D. 

What would y'all do? Keep them? Use black instead of brown Saphir creme polish or use a leather antique gel  (which I've never used on a pair of boots)? Would you sell them and look for something different? I have a pair of vintage El Dorado elephant boots from the early 80s that I love but they aren't as dramatic looking as these. 

Who makes the best looking new elephant boots in your opinion? If you have some you love, drop pictures in the comments, please. ",5,0,https://www.reddit.com/gallery/1rvg0xh,https://www.reddit.com/r/cowboyboots/comments/1rvg0xh/dan_post_elephant_boots_on_a_nasty_monday/,1773682077.0,2026-03-16 17:27:57,DesignerNight1907,1rvg0xh
EI,Fuehrerschein,Leute gibt es hier keine Hoffnung? Soll ich mich aufgeben?,"Leider lebe ich in einer sehr großen Stadt in Deutschland. Ich bin bereits drei Mal durch die praktische Prüfung gefallen. Mein Antrag ist inzwischen abgelaufen und ich musste die Theorieprüfung noch einmal machen. Heute bin ich auch durch die Theorieprüfung gefallen.
Beim ersten Mal habe ich die Theorie ohne Probleme bestanden, aber jetzt geht es mir psychisch sehr schlecht wegen der ganzen Situation – besonders wegen der enormen Menge an Geld, die ich bereits ausgegeben habe.
Wichtige Information: Ich brauche den Führerschein für meine Arbeit.
Meine Frage ist:
Soll ich aufgeben oder sollte ich versuchen, mich mental wieder zu stabilisieren (zum Beispiel durch Psychotherapie) und es noch einmal versuchen oder mich aufzugeben? ",2,3,https://i.redd.it/ulhygsqwyfpg1.jpeg,https://www.reddit.com/r/Fuehrerschein/comments/1rvfxr9/leute_gibt_es_hier_keine_hoffnung_soll_ich_mich/,1773681895.0,2026-03-16 17:24:55,rewersii,1rvfxr9
EI,rhino,Can't apply a planar map to two of 3 SubDs.,"Here is a link to a Youtube video showing the fail.

[https://youtu.be/uzsImcEiOZQ](https://youtu.be/uzsImcEiOZQ)",1,0,https://www.reddit.com/r/rhino/comments/1rvftnp/cant_apply_a_planar_map_to_two_of_3_subds/,https://www.reddit.com/r/rhino/comments/1rvftnp/cant_apply_a_planar_map_to_two_of_3_subds/,1773681669.0,2026-03-16 17:21:09,create360,1rvftnp
EI,AdoptMeTrading,would anyone want to do this trade?,,1,1,https://i.redd.it/r0wh8mp6yfpg1.jpeg,https://www.reddit.com/r/AdoptMeTrading/comments/1rvftd4/would_anyone_want_to_do_this_trade/,1773681653.0,2026-03-16 17:20:53,Im-better-than-y,1rvftd4
EI,retroanime,Battle Angel (Gunnm) Vol. 1 & 2 - Japanese Laserdisc,,23,3,https://www.reddit.com/gallery/1rvfsqe,https://www.reddit.com/r/retroanime/comments/1rvfsqe/battle_angel_gunnm_vol_1_2_japanese_laserdisc/,1773681615.0,2026-03-16 17:20:15,fighting_folksinger,1rvfsqe
EI,u_ClaudiaBlu,Asociația ne taxează pentru curățenie deși nu se mai face de luni de zile. Administratorul spune că nu e problema lui. Ce pot face?,"Salutari! 
Locuiesc într-un bloc din Sector 3 și am ajuns într-o situație care mi se pare complet absurdă.

Blocul are 4 etaje vechi, iar ulterior s-a construit o mansardă cu 20 apartamente (unde locuiesc și eu). Noi avem acces pe o scară separată, iar la etajul 5 există un palier comun cu cele 20 apartamente.

Pe lista de întreținere apare în fiecare lună taxă pentru curățenie (aprox. 21 lei/apartament). Problema este că pe scara noastră și pe palierul mansardei NU s-a mai făcut curățenie de cel putin 9 luni de zile. Înainte venea o firmă și era evident când se făcea curat (zgomot, miros de detergent etc). Acum nimic.

Am sunat administratorul și mi-a spus că „din câte a înțeles”, unii vecini ar fi refuzat accesul firmei de curățenie și au spus că „fac ei curat”. Evident, nu se face nimic. Cu toate astea, taxa de curățenie continuă să fie încasată lunar.

În plus, pe palier a apărut și o cameră de supraveghere montată de un vecin (probabil cel de lângă intrare). Camera este rotativă și filmează practic toate ușile apartamentelor. Nu există niciun afiș că zona este monitorizată video și nu a existat nicio informare sau decizie a asociației.

Am trimis sesizare oficială către asociație. Administratorul mi-a răspuns pe mail foarte scurt spunând să mă adresez președintelui asociației sau poliției. Nu mi-a dat număr de înregistrare pentru sesizare și nici datele de contact ale președintelui (doar numărul apartamentului).

După 30 de zile fără rezolvare, am făcut sesizare la Primăria Sectorului 3 și am primit număr de înregistrare.

Sunt curioasa dacă a mai trecut cineva prin ceva similar:
– asociația să încaseze bani pentru un serviciu care nu se mai face
– administratorul să paseze problema
– vecini care practic decid singuri regulile pe spațiul comun.

Dacă da, s-a rezolvat în vreun fel? A intervenit primăria sau trebuie mers mai departe cu alte demersuri?
",1,0,https://www.reddit.com/r/u_ClaudiaBlu/comments/1rvfrf5/asociația_ne_taxează_pentru_curățenie_deși_nu_se/,https://www.reddit.com/r/u_ClaudiaBlu/comments/1rvfrf5/asociația_ne_taxează_pentru_curățenie_deși_nu_se/,1773681541.0,2026-03-16 17:19:01,ClaudiaBlu,1rvfrf5
EI,LaserDisc,Battle Angel (Gunnm) Vol. 1 & 2 - Japanese Laserdisc.,,5,0,https://www.reddit.com/gallery/1rvfrde,https://www.reddit.com/r/LaserDisc/comments/1rvfrde/battle_angel_gunnm_vol_1_2_japanese_laserdisc/,1773681538.0,2026-03-16 17:18:58,fighting_folksinger,1rvfrde
EI,snappisensuroimat0n,"Ei kukaan puutu sun elämään tai asioihin. Ihmiset puuttuu siihen millainen käytös sulla on ja miten tuot itseäsi ulos internetissä. Kaikki valehtelu, moodswingit ja jatkuvat 10min livet mis itketään ja valitetaan kuinka muut väärässä ja lopetetaan live kun pari kommenttia lukenut eikä miellytä. 🫠", ,26,25,https://v.redd.it/el7unrjcwfpg1,https://www.reddit.com/r/snappisensuroimat0n/comments/1rvfqgy/ei_kukaan_puutu_sun_elämään_tai_asioihin_ihmiset/,1773681486.0,2026-03-16 17:18:06,lakkakupari,1rvfqgy
EI,Endfield,Yvonne in OMV Dijiang,"I drew Yvonne😊 Thanks for viewing!

My [X](https://x.com/S9982G_/status/2033494326974840948) and [PIXIV](https://www.pixiv.net/artworks/142375519)",37,3,https://i.redd.it/4neyac2gwfpg1.png,https://www.reddit.com/r/Endfield/comments/1rvfozi/yvonne_in_omv_dijiang/,1773681404.0,2026-03-16 17:16:44,No_Apple_2966,1rvfozi
EI,mina_irl,mina👌irl,,89,3,https://i.redd.it/jqn1o6m1xfpg1.jpeg,https://www.reddit.com/r/mina_irl/comments/1rvfmlr/minairl/,1773681269.0,2026-03-16 17:14:29,PolarFoxess,1rvfmlr
EI,snappisensuroimat0n,vaatimassa kunnioitusta kunnioittamatta ketään.,Alisa ei pysty lopettaa someja koska pitää huomiosta enemmän kun mistään muusta. Nähdään taas huomenna Alisa.,27,10,https://v.redd.it/s95ubnriwfpg1,https://www.reddit.com/r/snappisensuroimat0n/comments/1rvfjzv/vaatimassa_kunnioitusta_kunnioittamatta_ketään/,1773681124.0,2026-03-16 17:12:04,Tasty_Money67,1rvfjzv
EI,baseballcards,$10 for all 7 ⚾️❤️⚾️,,0,1,https://i.redd.it/i7ql2ukjwfpg1.jpeg,https://www.reddit.com/r/baseballcards/comments/1rvfjuz/10_for_all_7/,1773681116.0,2026-03-16 17:11:56,Chenoea93,1rvfjuz
EI,UmamusumeFFS,Mambo Mambo Omatsuri Mambo Wasshoi Mambo Omatsuri Mambo Zabu Zabu Yura Yura Omatsuri Mambo!,"Ei ei mun!

//No I'm not the one that got banned the other day.",3,41,https://i.redd.it/zicvc92jwfpg1.jpeg,https://www.reddit.com/r/UmamusumeFFS/comments/1rvfjfv/mambo_mambo_omatsuri_mambo_wasshoi_mambo_omatsuri/,1773681094.0,2026-03-16 17:11:34,Mambohauser,1rvfjfv
EI,cachyos,First time using linux as a daily OS,"I use CachyOS of like a 1-3 days now and this is a fantastic experience So far I still duelboot with windows bs I need for some work to be done in windows but WOW I never use Linux before I see a raise and pray about linux but didn't know it will be this good I never thought of using linux until sometime this year bs windows has many bloatware and the ram crisis etc.  
after that I learn about linux distro what should I use first I wanna try mint but it too simple for me than I know about arch linux but it too much for me so i find until I found cachyOS first I didn't think about it much until i found this reddit so i read review about this OS until I wanna try for myself and yeah even better than the review what a fantastic experience  
  
P.S. if you got any tip about custom a desktop tell me pls  
P.S2. I start install at 13:00 and first time use a 22:00 what a experience",6,1,https://www.reddit.com/gallery/1rvfgkm,https://www.reddit.com/r/cachyos/comments/1rvfgkm/first_time_using_linux_as_a_daily_os/,1773680929.0,2026-03-16 17:08:49,aleefggtv,1rvfgkm
EI,Celiac,Jeni’s icecream reaction,Has anyone had a reaction to Jeni’s icecream ? It seems in this sub most people don’t so I’m wondering if it’s a dairy issue (which I usually don’t have but know it can be an issue with celiac). ,2,4,https://i.redd.it/zcg7mfwsvfpg1.jpeg,https://www.reddit.com/r/Celiac/comments/1rvff6m/jenis_icecream_reaction/,1773680850.0,2026-03-16 17:07:30,baxterthebrave,1rvff6m
EI,snappisensuroimat0n,Mikko alkanut tapaamaan nuorinta lasta,Mikko alkanut vihdoin tapaamaan nuorinta lasta siitä huolimatta että Riina aiemmin sanoi ettei isä tule olemaan elämässä. Onneksi Riina tajunnut että ei voi evätä nuorimmalta isää.,5,9,https://i.redd.it/031ezcwqvfpg1.jpeg,https://www.reddit.com/r/snappisensuroimat0n/comments/1rvfew5/mikko_alkanut_tapaamaan_nuorinta_lasta/,1773680833.0,2026-03-16 17:07:13,Amanda0410,1rvfew5
EI,snappisensuroimat0n,Chiara saapunut tampereelle,(Live @kuhlmanvirallinen kickissä kyselijöille),17,3,https://i.redd.it/yaud2d1ovfpg1.jpeg,https://www.reddit.com/r/snappisensuroimat0n/comments/1rvfee4/chiara_saapunut_tampereelle/,1773680805.0,2026-03-16 17:06:45,cprincessa,1rvfee4
EI,WplaceLive,Some crazy multi accounting/botting going on in India,"They make it to the global leaderboard with almost 100k pixels with this, can only attach one image but there were like 19 accounts in this… they're making a JoJo artwork so ig makes sense, only a JoJo fan would go this far",0,0,https://i.redd.it/4z707ck1vfpg1.png,https://www.reddit.com/r/WplaceLive/comments/1rvfcqe/some_crazy_multi_accountingbotting_going_on_in/,1773680711.0,2026-03-16 17:05:11,NothingButPureMisery,1rvfcqe
EI,WoWHousing,Night Elf Kitchen,,4,0,https://www.youtube.com/watch?v=DiQnbO35tpA,https://www.reddit.com/r/WoWHousing/comments/1rvfbu7/night_elf_kitchen/,1773680661.0,2026-03-16 17:04:21,Single_Bedroom_8704,1rvfbu7
EI,FortniteAccSale,"🔴Wildcat , Galaxy , Travis Scott | 800+ skins | Full access | $200","\-Comes with Original Email & is email Changeable, Playable on ANY Platform. | I can show vouches 

\-YOU CAN NOT SIGN IN Without Payment 

Cashapp, Venmo , PayPal 

\-NOT GOING FIRST Dont waste time , if it’s still posted it available to buy. Dont message if you don’t have the funds please & thank you. ",1,0,https://www.reddit.com/gallery/1rvf8z0,https://www.reddit.com/r/FortniteAccSale/comments/1rvf8z0/wildcat_galaxy_travis_scott_800_skins_full_access/,1773680491.0,2026-03-16 17:01:31,Warm-Weakness-885,1rvf8z0
EI,informatik,Höhere Sortierverfahren,"Hallo, ich habe in Informatik die algorithmischen Sortierverfahren “Quicksort” und Radixsort” gelernt, aber verstehe es nicht ganz. Kann mir jemand das grundlegende Prinzip des Radixsort erklären? 

Ausserdem soll ich die Liste \[ich; ach; bin; eis; bis; ein; ins\] mit den beiden Verfahren lösen, aber komme nicht weiter. Wie wähle ich das richtige Pivot-Element und wie mach ich das bei Radixsort?",0,1,https://www.reddit.com/r/informatik/comments/1rvf85y/höhere_sortierverfahren/,https://www.reddit.com/r/informatik/comments/1rvf85y/höhere_sortierverfahren/,1773680449.0,2026-03-16 17:00:49,lifeandsuch59,1rvf85y
EI,gamemaker,Quick Questions,"# Quick Questions

* Before asking, search the [subreddit](https://www.reddit.com/r/gamemaker/search/?q=how%20to%20learn%20gml&restrict_sr=1&sr_nsfw=) first, then try [google](https://www.google.com/search?q=how+do+i+learn+gml&sxsrf=AOaemvK7uu-Vbtay2x7Cj9TaLVu_bgFQrA%3A1637263149400&source=hp&ei=LaeWYeCHFcyyqtsPxNyB2AM&iflsig=ALs-wAMAAAAAYZa1PS1bF47FEdg95tup2B5gwG6NZLo6&ved=0ahUKEwig0q7D0KL0AhVMmWoFHURuADsQ4dUDCAg&uact=5&oq=how+do+i+learn+gml&gs_lcp=Cgdnd3Mtd2l6EAMyBggAEBYQHjIFCAAQhgMyBQgAEIYDOgcIIxDqAhAnOgQIIxAnOg4ILhCABBCxAxDHARCjAjoLCAAQgAQQsQMQgwE6CAgAEIAEELEDOgUIABCABDoICC4QsQMQgwE6CAgAELEDEIMBOgUILhCABDoICAAQFhAKEB5QlwNY3xRgxhVoAXAAeACAAYUBiAGDDZIBBDEzLjWYAQCgAQGwAQo&sclient=gws-wiz).
* Ask code questions. Ask about methodologies. Ask about tutorials. 
* Try to keep it short and sweet.
* Share your code and format it properly please. 
* Please post what version of GMS you are using please. 

[You can find the past Quick Question weekly posts by clicking here.](https://www.reddit.com/r/gamemaker/search?sort=new&q=flair%3Aquick_questions&t=all&restrict_sr=on&sort=new)",1,0,https://www.reddit.com/r/gamemaker/comments/1rvf7rj/quick_questions/,https://www.reddit.com/r/gamemaker/comments/1rvf7rj/quick_questions/,1773680428.0,2026-03-16 17:00:28,AutoModerator,1rvf7rj
EI,proteinsnack,Still looking for brownie batter!,"Excited to try the key lime pie, these fit with my macros and I have one a day right before the gym. They literally taste like candy bars! The peanut caramel and mint ones are amazing as well!!! What do y’all like? ",12,7,https://i.redd.it/v3468rodufpg1.jpeg,https://www.reddit.com/r/proteinsnack/comments/1rvf6rl/still_looking_for_brownie_batter/,1773680372.0,2026-03-16 16:59:32,linkofmajora,1rvf6rl
EI,grandrapids,"Testing Out a New Event for the Reddit Crowd: Test-Drive 10 Hobbies with Passionate Hobbyists... Like Speed Dating, but for Hobbies. Meet People Along the Way. This Sunday, March 22, 1–4 PM at The LIT in Grand Rapids. From Calligraphy to Dance, Medieval Combat to DnD, and more. 20 spots left.","For more info and to secure your spot! -   
[https://www.eventbrite.com/e/hobby-hop-sample-switch-discover-your-next-hobby-tickets-1983495321902](https://www.eventbrite.com/e/hobby-hop-sample-switch-discover-your-next-hobby-tickets-1983495321902)",1,0,https://i.redd.it/bcwsj3horfpg1.jpeg,https://www.reddit.com/r/grandrapids/comments/1rvf4us/testing_out_a_new_event_for_the_reddit_crowd/,1773680263.0,2026-03-16 16:57:43,szaagman,1rvf4us
EI,footballcards,I found the pack 🔌 on marketplace!,"So I saw this guy post on Facebook marketplace with a lot of decent priced stuff. He had mainly mega and blaster boxes posted but when I messaged him he sent a list of a ton of stuff not even listed yet. I ended up buying 40 2025 donruss fat packs for $120 and then 26 absolute fat packs for $50. When I finally asked how he gets all of this stuff he explained that his brother is a retail distributor and gets to keep a lot of left over stuff sometimes. Needless to say after meeting him two more times I got his direct number and now he just lets me pull up to his house instead of meeting at gas station on the corner.

Just to clarify I know it is legit and was shown proof. He doesn't get to keep it for free and showed the inventory lots deducted on his check stubbs for next to nothing that he kept. Also has a corporate van all decal'd out as well from same company that had a ton of inventory packaged for his routes this week.",23,52,https://www.reddit.com/gallery/1rvf47u,https://www.reddit.com/r/footballcards/comments/1rvf47u/i_found_the_pack_on_marketplace/,1773680226.0,2026-03-16 16:57:06,jstanfill93,1rvf47u
EI,Artisticallyill,Why am I so tired?,"This is some vent art I made about my EDS and how it takes up all of my brain power to just exist. 

Some of the phrases that make up the lines include:

Soften your elbows

Engage your core

Smile so they don't know

Pain

You're fine

Don't stand up too fast

Don't sit like that

Relax your jaw

Smile

Be mindful of your shoulder",10,0,https://i.redd.it/guvji2xctfpg1.png,https://www.reddit.com/r/Artisticallyill/comments/1rvf2w0/why_am_i_so_tired/,1773680147.0,2026-03-16 16:55:47,kookykitt,1rvf2w0
EI,snappijuorutofftopic,Apua kaivataan,"Erosin tyttöystäväni kanssa alle viikko sitten ja ero ei ollut mitenkään riitainen. Taustalla kommunikaatio-ongelmia ja molemminpuolista tunnetta ajoittain rakkauden osoitusten puutteesta. Suhteen ongelmat oli kuitenkin mielestäni korjattavissa ja tekisin nyt mitä vain muuttaaksesi kaiken. TY koki että häntä ei kuulla tai ymmärretä jonka toki nyt jälkeenpäin ymmärrän. Lopullinen päätös tuli kuitenkin itelle aika yllättäen sillä päiviä ennen eroja sovittiin että nähdään ja puhutaan asiat läpi ja ei missään nimessä luovuteta vielä. Eron hetkellä suudeltiin halattiin ja lähdimme parin tunnin puhumisen jälkeen eri suuntiin.

Lähes heti eron jälkeen sain tiedon vakavasta sairaudesta lähipiirissä. Kaiken muun pahan keskellä ainut asia mitä haluaisin on turvautua häneen ja painaa pää exän kainaloon. Olo on ihan kauhea. Olemme jutelleet viesteillä olostani ja olen soittanut pari kertaa kertoakseni lisää perheen tilanteesta. Hän kuitenkin viestillä (myös eron aikana) painotti että päätös on tehty ja emme ole enää yhdessä mutta tarjoaa minulle tukea eron ulkopuolisten asioiden käsittelyyn. Olo eron aikana oli kuitenkin hämmentävä läheisyyden ja hänen sanojensa takia. Ex kertoi erotessa ettei tiedä onko päätös hyvä mutta juuri nyt se tuntuu oikealta.

Ainut asia mitä haluaisin on korjata kaikki välillämme ja yrittää uudelleen parempana itsenäni. Kaipailen neuvoja siihen että annanko hänen olla ja miten (tai ylipäätään voinko) tulevaisuudessa ottaa häneen yhteyttä niin että hän kokee että aidosti haluan muuttaa sen mikä entisessä suhteessa meni pieleen.",6,3,https://www.reddit.com/r/snappijuorutofftopic/comments/1rvf28c/apua_kaivataan/,https://www.reddit.com/r/snappijuorutofftopic/comments/1rvf28c/apua_kaivataan/,1773680109.0,2026-03-16 16:55:09,Unlucky-Speaker7965,1rvf28c
EI,imdb,"Lopultakin löytyi paras IPTV-palveluntarjoaja Suomessa, joka todella toimii (Paras Reddit IPTV Suomi 2026)","Tämä on rehellinen arvosteluni siitä, miten saat luotettavan IPTV-tilauksen Suomessa ilman Elisan, Telian tai DNA:n kalliita kuukausimaksuja.
Internet-televisio (IPTV) muuttaa parhaillaan suomalaisten tapaa katsoa TV:tä. Sen sijaan, että maksaisit kalliista kaapelipaketeista tai useista eri suoratoistopalveluista, katsojat siirtyvät nyt suoratoistamaan suoria lähetyksiä ja elokuvia netin kautta. [IPTVTOUR ](https://iptvtour.live)on vuoden 2026 ykkösvalinta Suomessa, tarjoten valtavan maailmanlaajuisen kanavalistan, Ultra-HD-laadun ja jatkuvat päivitykset, jotka on räätälöity suomalaiseen urheiluun (kuten Liiga ja Formula 1) ja viihteeseen.
Jos etsit IPTV-palveluntarjoajaa Suomessa, tarvitset palvelun, joka on tunnettu korkeasta vakaudesta (ei puskurointia kesken jääkiekon MM-finaalin), premium-urheilupaketeista ja usean laitteen tuesta. [IPTVTOUR ](https://iptvtour.live) täyttää kaikki nämä odotukset, mikä tekee siitä parhaan suosituksen suomalaisiin koteihin, jotka haluavat eroon kalliista kaapelisopimuksista.
Mutta onko IPTV laillista Suomessa? Ovatko IPTV-boksit turvallisia? Ja toimiiko se älytelevisiollasi tai Firestickillä? Tämä opas vastaa kaikkiin tärkeimpiin kysymyksiin, jotta voit suoratoistaa luottavaisin mielin.
(Vain tiedoksi – tämä ei ole oikeudellinen neuvo.)
Onko IPTV-palvelu laillista Suomessa?
Laillisuus riippuu lisensseistä ja siitä, miten sisältöä käytetään.
Suomen lainsäädäntö: Suomessa tekijänoikeuksia valvotaan tarkasti. Vaikka laitteisto (kuten Firestick) on täysin laillinen, tekijänoikeudella suojatun sisällön suoratoisto ilman virallista lisenssiä voi olla juridisesti harmaata aluetta.
Yksityisyyssuositus: Varmistaaksesi 100 % toimivuuden ja välttääksesi suomalaisten operaattoreiden (kuten Telian tai Elisan) mahdolliset estot, useimmat suomalaiset käyttäjät yhdistävät  -palvelun VPN-yhteyteen (kuten NordVPN tai Surfshark).
Johtopäätös: Pysy palveluntarjoajissa, kuten IPTVTOUR, jotka tarjoavat läpinäkyvää tukea ja korkealaatuisen infrastruktuurin, jotta saat rahoillesi vastinetta.
Miksi suomalaiset vaihtavat [IPTVTOUR](https://iptvtour.live)-palveluun?
Suomessa urheiluoikeudet ovat pirstaloituneet. Jos haluat nähdä Liigan (MTV Katsomo), Valioliigan ja NHL:n (Viaplay) sekä Formula 1:n, joudut helposti maksamaan yli 100 € kuukaudessa. [IPTVTOUR](https://iptvtour.live) yhdistää kaikki nämä verkostot – mukaan lukien suomalaiset paikalliskanavat (YLE, MTV3, Nelonen) – yhteen selkeään ja edulliseen käyttöliittymään.
Ovatko IPTV-boksit turvallisia käyttää?
Kyllä – jos käytät hyvämaineista laitteistoa ja virallisia sovelluksia.
Turvallinen tapa: Käytä Amazon Firestick 4K:ta, Nvidia Shieldiä tai Google TV:tä. Näitä on laajasti saatavilla esimerkiksi Gigantista tai Verkkokauppa.comista. Asenna sovellukset, kuten IPTV Smarters tai TiviMate, suoraan virallisista sovelluskaupoista.
Riski: Vältä ""valmiiksi ladattuja"" bokseja tuntemattomilta myyjiltä esimerkiksi Tori.fi:ssä. Nämä sisältävät usein haittaohjelmia. On paljon turvallisempaa ostaa puhdas laite ja lisätä [IPTVTOUR](https://iptvtour.live) -tilaustietosi itse.
Usein kysytyt kysymykset (Suomi)
Voinko katsoa SM-liigaa, NHL:ää ja Formulaa?
Kyllä. [IPTVTOUR](https://iptvtour.live)sisältää kaikki suuret urheilukanavat, jotka lähettävät suomalaista jääkiekkoa, NHL:ää, Valioliigaa ja F1-kisoja 4K/60FPS-laadulla ilman viivettä.
Miten IPTV toimii älytelevisiossa?
Asenna yhteensopiva soitin (kuten IPTV Smarters tai TiviMate) television sovelluskaupasta (Samsung, LG, Sony).
Syötä IPTVTOUR -palvelusta tilaamasi kirjautumistiedot.
Suomalaiset kanavasi ja VOD-kirjastosi latautuvat välittömästi.
Miksi IPTV pätkii kuituliittymästä huolimatta?
Netti nopeus: Tarvitset vähintään 25-50 Mbps vakaan 4K-suoratoiston varmistamiseksi.
Operaattorin rajoitukset: Jotkut suomalaiset operaattorit saattavat rajoittaa kaistanleveyttä, jos ne havaitsevat suuren määrän suoratoistoliikennettä suosittujen otteluiden aikana. VPN:n käyttö on paras tapa ohittaa nämä rajoitukset ja varmistaa sujuva katselukokemus.
[IPTVTOUR](https://iptvtour.live): Tärkeimmät ominaisuudet 2026
Ominaisuus
Tiedot
Kanavat
35 000+ (Sisältää kaikki Suomen, UK:n, US:n ja Pohjoismaiden kanavat)
VOD-kirjasto
300 000+ Elokuvaa ja sarjaa (Päivitetään päivittäin)
Urheilu
Liiga, NHL, Valioliiga, F1, UFC ja paljon muuta
Laatu
4K / Ultra HD / 60 FPS (Viiveetön infrastruktuuri)
Laitetuki
Firestick, Android, Smart TV, iOS, Apple TV, MAG
Tuki
24/7 Prioriteetti-chat ja WhatsApp-tuki
Takuu
Turvallinen maksu ja 7 päivän rahat takaisin -takuu

Johtopäätös
IPTV on tehokkain tapa käyttää maailmanlaajuista ja paikallista suomalaista sisältöä ilman suurten operaattoreiden korkeita hintoja. [IPTVTOUR](https://iptvtour.live) tarjoaa valtavan kanavalistan, 4K-laadun ja vakauden, jota vaaditaan parhaan katselukokemuksen saavuttamiseksi Suomen nopeilla verkoilla.
Lopeta liikaa maksaminen: Valitse luotettava palveluntarjoaja, käytä VPN:ää yksityisyyden varmistamiseksi ja nauti television tulevaisuudesta [IPTVTOUR](https://iptvtour.live) -palvelun avulla — se on suomalaisten kotitalouksien ykkösvalinta tänä vuonna.

",11,0,https://www.reddit.com/r/imdb/comments/1rvf11h/lopultakin_löytyi_paras_iptvpalveluntarjoaja/,https://www.reddit.com/r/imdb/comments/1rvf11h/lopultakin_löytyi_paras_iptvpalveluntarjoaja/,1773680037.0,2026-03-16 16:53:57,Logical_Setting_6818,1rvf11h
EI,LGBTindia,just a thought i had while talking to a friend about escapism tendencies,"now ofc its not completely my idea. if u have watched Yellowjackets, u would know it has a similar theme. anyways, initially i thought that the words i had penned down, weren’t for others to read cause it felt too naked but i think i’ll just type it out cause i does have a really cool theme.

A heart on a platter, crumbled up, ready to be eaten; would u eat it raw or with salt to taste better or would u add spice to make it suitable for your taste buds? or perhaps you would add a squeeze of lemon cause you love the tangy flavour to spike your tastebuds; 

but, if you perhaps would know me, you would know that i’d wang you to eat it raw, on a bright sunny morning, perhaps like an orange and let the blood drip all over you staining your skin. You would know to smell the iron cause you know that’s how i smell in all of my lives. 

do me a favour and bite on the sinoatrial node, or better yet the aorta cause you were the one who generated the impulses and all the blood pumped by the aorta was on how you reacted. 

would it be cannibalistic? i wouldn’t know, cause never have i ever had a heart handed over to me on a platter but you will know, and that way i’ll finally be coursing through your veins and you will perhaps feel how it beat for you, how every palpitation caused a strange concoction of pain and pleasure and that is how you’ll never escape me, not until the same blood courses through your veins. You’d remember how you bit down on a frantically beating heart on a bright sunny summer like a blood orange. 

good luck escaping the duality of a heart pumping your own and my blood beating with twice the intensity. A small suggestion would be to just eat your own on another sunny morning like another blood orange from the same tree. 

this is prolly the best thought i have ever had tbh lol and it just smhow happens to have themes like this. ",18,3,https://www.reddit.com/gallery/1rvez2j,https://www.reddit.com/r/LGBTindia/comments/1rvez2j/just_a_thought_i_had_while_talking_to_a_friend/,1773679921.0,2026-03-16 16:52:01,Miserable_Steak_7915,1rvez2j
EI,u_Mech_Monk_,Duskvalf,"Lore primer and art for a short story 

""As fast as their feet could carry them. Scarius ran for their life, through the fights of stairs and roof tops that soon,were all but disintegrated to rubble. Both the reason they were running and the reason the path behind Scarius was disintegrating were one in the same. An ancient creature resembling a gargantuan dog, animated by an amalgamation of evil esseteris magics and bone.
Chomping at the heels of Scarius as they were hopping from foot hold to foot hold, shooting forth acridic ichor in-between massive chomping near miss bites at the poor Scarius heel. 
Through the rooftops across the Wall district of Duskvalf, Scarius ran for their life clinging to the tome and ledger he was hired to retrieve from the Iron Drakes Keep.
For over four hundred and thirty years Duskvalf had been a center for commercial trade of iron and iron forged products. The city infrastructure is made from iron, and in many regards the literal forged iron plates and gigantic plate shields, creating spire-like roof tops that proved to be formidable to invaders for all these years. 
Exception to that rule being our noble Scarius, now darting from spire to spire as a sentient shambling amalgamation of bone was in hot pursuit around the area of the cities wall and gates. If the fact that a prehistoric necrotic beast was chasing them was not enough of a nightmare for the terrified bard, the location was certainly no reprieve. The city of Duskvalf had been built in design for withstanding years if not centuries of siege warfare against giants and dragons that once inhabited these lands. Conducted of iron, and built vertically the city of Duskvalf itself, rested atop a one hundred and thirty meter tall tower of iron. There one hundred and thirty meeters below his feet, was Scarius’ destination, what looked like a spanning labyrinth of canvas tarp rooftops and dilapidated shanties of rubble. The feudal sovereign nations of Duskvalf and its people have been displaced for over four hundred and thirty years, living in suffrage and horrors of an inhospitable badlands in servitude to a dark dragon king, promising the unity of a squabbling hand full of governing parties and ending the need for defending against the badlands and its destructive desert beyond; because of the dragon king's evil manipulation and maladaptive magic they were elected to a seat of power and then devoured the ones that elected them to the position demanding servitude and dominion over the folk of Duskvalf. Enslaving and enscorcling them through violent means by vermin summoned to the plane by evil esseteris magics, forcing them to build the spire-like tower holding the city proper.

Scarius was only turning twenty six in a few weeks, he did not expect to die comfortably given being born into slavery, however they certainly didn't expect to have it be by being devoured by a hound of the iron drake. Getting the tome and ledger of trade to the village Parsha below was the only thing keeping the bards mind clear enough to make use of their own magic of sorts. A set of bells on their shoes rang out, jingling amongst the deafening cascade of destruction in his wake.
Scarius ran quite literally on the breeze,  down the sheer plate surface of the tower the badlands red sand stone floor was rapidly approaching as was the prehistoric dog, which had jumped in a frenzied free fall after the bard running as fast as his legs could carry him. Till the vertical plane he had been running on became horizontal drastically as he was forced to change his pace and gait. He twisted to leap away, in a tumble as the beast lunged its maw forward to bite. Narrowly missing crashing at full impact in a heap to the badlands floor. Scarius clammored to his feet and regained his gusting stride, darting down a narrow road.
He did not stop running away from the place where the beast fell, he knew all too well that it would take more than a fall to truly disarm the necrotic Sentinel of the Iron Drake.
Sure enough as he rounded a corner of the street he was darting down, he heard the shrill roars. Abysmal roars and splintering of shanties behind him.
Scarius knew the beast would not cease its relentless  hunt until he was dead and the creature could retrieve the tome from his body. So without hesitation Scarius made a dash for the outskirts of the shanty town. The sun was close to rising at this point, the sky was warming from sunrise. Scarius reached to his pouch and produced a silver harmonica,
“Upon daylight let my melody ring truest love, to vanquish evil and uphold justice and light.” Scarius ran saying under his labored breath, the badlands now all around him and the first light of the day creating over the clouds. The prehistoric dog nipped and chomped at Scarius as he completed the verbal components for his musical spell. The harmonica began to shine with a light not its own. Like that of the sun, radiant and glowing warmth across the badlands, Scarius and the beast.
Scarius began to play.
It was otherworldly, trilling and jaunty a cacophony of brilliantly fluttering perfect notes. Harmony of accented notes filled the badlands with a captivating blinding light as dawn light flooded the rocky crags and outcroppings with a golden hue and the wheezing notes of a composure that for all intensive purposes should not come from a harmonica, yet it did. Scarius continued to play as he still ran around the necrotic beast, encapsulating it in gusts of wind and light resounding and echoing through the foothills of the badlands.
The beast lashed forwards towards Scarius with gigantic swipes of rotted claws and jaws. Frenzied in furious pursuit, bound in place by its own staggering confusion to find purchase in the bards hide.
With a lunge the beast fell forwards in a fatal mistake to try to bite down upon Scarius, and it worked engulfing Scarius in its massive jaws.
“Works like a charm every time.”
Scarius said from a distant rock formation, some thirty meeters away taking aim at the necrotic beast.
The beast reared its head and roared as it realized it had not devoured anything more than brittle soil and rocks.
Tucking the harmonica into his pouch, he drew forth a revolver. 
“Its a pitty,” Scarius yelled out to draw the beasts attention as he loaded six silver bullets into his revolver. “I was hoping to save these for the Iron Drake. But I suppose I'll have to make some more, after the sunlight takes you back, fell beast.”

The beast bellowed a low, rage filled gurgling roar from the shadows.

“ Dråkutĥ eis Sarg Sūrdūts. Eise årstridå ø myros”  
which in the common tongue is “The song of the Lord is Truth. His instruments are plenty” a common prayer amidst the ranks of soldiers who have served in the badlands as a blessing to vanquish necrotic magic. Which in the badlands was plentiful. 

Scarius ran from his position towards where the sunlight was shining. Instantly the prehistoric dog leapt forward with tremendous force after the bard. Ignoring its own demise that would happen from being in the sunlight. A creature of evil magics cannot take the light in any form. Which Scarius, was counting on, he knew he was only a bard, and not a person of the cloth or clerical in any sense of the matter. However he believed. He believed the stories the folk from the various tribes told in the shadow of dismal Duskvalf. That though the oppression of the Iron Drake was absolutely horrid, the joys of what they referred to as The Way made the day to day monotony and soul crushing oppressing ensorcelment sting less. For a far greater purpose was revealed to the lay person by those of Clerical orders from several of the notable tribes, from the teachings of The Way. 

As soon as the beast entered the fragments of morning light it was disintegrating. Till not was left but a dirty mote of wind to carry away the ashes and sulfuric air.

“Never had to fire a single shot and the light does the job again.” Scarius said to themselves remember the lessons of The Way 
In this somber reflection of what had just transpired and the task still at hand, he holstered his pistol. The Way was the task at hand and knowing just a fragment at this point of the greater events to transpired after he retrieved the forsaken grimore from the Iron Drakes Keep. 
People from the nearby village outpost noticed the happenings as dawn was shining. 
A local guard called to Scarius, who ran promptly towards the pensive guard holding the tome aloft. 
“State your name and rank bard, why are you being hunted by the Drakes personal dogs?”
 “To retrieve this my good capitan,”
“Lutenant.” The guard said calmly, his dwarven demeanor was more inquiry than condemning.
“Excuse my curt behavior, good sir.”
Scarius corrected himself in respect.
“Lutenant, this is of most dire importance and reverence. Please come with me, we must take this to the highest order of Meredith and let them be liberated the Drakes enslavement.”
“Though I once served in the enslaving of my own kind unknowingly, these irons have rusted and the Order wants their forges back.” The guard said lowly.""




",1,0,https://i.redd.it/9t6qh8iosfpg1.jpeg,https://www.reddit.com/r/u_Mech_Monk_/comments/1rvex0z/duskvalf/,1773679800.0,2026-03-16 16:50:00,Mech_Monk_,1rvex0z
EI,PersonalFinanceCanada,What happens to my EI hours if I quit my job and become self-employed?,"Hi everyone! I’m currently working for a company where EI is deducted from my paycheck. I’m considering quitting and switching to self-employment full time.

I’m wondering what happens to all the EI hours I’ve accumulated and paid into once I leave my job. Do those hours just stay on record in case I go back to employment later, or do they basically become useless once I’m self-employed?

Would appreciate hearing from anyone who has gone through this or understands how the system works. Thanks!",0,5,https://www.reddit.com/r/PersonalFinanceCanada/comments/1rvewnz/what_happens_to_my_ei_hours_if_i_quit_my_job_and/,https://www.reddit.com/r/PersonalFinanceCanada/comments/1rvewnz/what_happens_to_my_ei_hours_if_i_quit_my_job_and/,1773679780.0,2026-03-16 16:49:40,Forsaken-Relative334,1rvewnz
EI,u_Forsaken-Relative334,What happens to my EI hours if I quit my job and become self-employed?,"Hi everyone! I’m in Canada and currently working a regular job where EI is deducted from my paycheck. I’m considering quitting and switching to self-employment full time.

I’m wondering what happens to all the EI hours I’ve accumulated and paid into once I leave my job. Do those hours just stay on record in case I go back to employment later, or do they basically become useless once I’m self-employed?

Would appreciate hearing from anyone who has gone through this or understands how the system works. Thanks!",1,0,https://www.reddit.com/r/u_Forsaken-Relative334/comments/1rvetb7/what_happens_to_my_ei_hours_if_i_quit_my_job_and/,https://www.reddit.com/r/u_Forsaken-Relative334/comments/1rvetb7/what_happens_to_my_ei_hours_if_i_quit_my_job_and/,1773679589.0,2026-03-16 16:46:29,Forsaken-Relative334,1rvetb7
EI,China_irl,在习近平主席颁布《促进民族团结进步法》的前几天，一位维族女脱口秀演员因为说出了一个让许多汉族女性感同身受的事实而被屏蔽封禁，并且丢掉了工作,"小帕说的这句话**甚至都不能算是打拳或者什么女权主义理论，而是一个客观事实**

这个事实的根据就是她本人的原生家庭，以及中国许多已婚女性的家庭经历，都不能算是造谣

反正新冠疫情封控的时候，确实有很多已婚女性被自己老公抢光最后一口食物或者药物这样的事

当时的微博抖音小红书上很多这样的帖子都说过跟小帕类似的事实

就是已婚女性遇上病痛和灾难的时候，往往根本得不到丈夫的照顾，反而丈夫成了抢走她们最后的生存资源，榨干她们最后一点劳动力的罪魁祸首

这个维族女脱口秀演员没有挑动男女对立，那些对妻子敲骨吸髓的不作为的丈夫才是在挑动男女对立",0,9,https://www.reddit.com/gallery/1rves6k,https://www.reddit.com/r/China_irl/comments/1rves6k/在习近平主席颁布促进民族团结进步法的前几天一位维族女脱口秀演员因为说出了一个让许多汉族女性感同身受的/,1773679525.0,2026-03-16 16:45:25,yixiwangu,1rves6k
EI,RedditRats2,Daily Trash live 3.16.26,"[https://rr1---sn-q4fl6n6z.googlevideo.com/videoplayback?expire=1773700878&ei=rjK4ae66K4eosfIP8p\_ZoAc&ip=191.96.202.50&id=o-AF7mSPwOH4HjReKxYyd1Vqfhwu4uU9TMP6irE-nMAusp&itag=18&source=youtube&requiressl=yes&xpc=EgVo2aDSNQ%3D%3D&rms=au%2Cau&bui=AVNa5-yJecGMuyD2NnD-BIEVfkYOjvpzkywvTXB0VOnuMwyLWyFSfwj6LNg7HDKRlsXuvMp5LAxB-dzx&spc=6dlaFLW2sOmRPXmflbvTqQNZsfjanT0C07vRQgefp9tX72IY4uqf99S4MaASr8P8PrA&vprv=1&svpuc=1&mime=video%2Fmp4&rqh=1&gir=yes&clen=135629934&ratebypass=yes&dur=3578.380&lmt=1773677250012415&fexp=51565116,51565682,51791334&c=ANDROID&txp=7209224&sparams=expire%2Cei%2Cip%2Cid%2Citag%2Csource%2Crequiressl%2Cxpc%2Cbui%2Cspc%2Cvprv%2Csvpuc%2Cmime%2Crqh%2Cgir%2Cclen%2Cratebypass%2Cdur%2Clmt&sig=AHEqNM4wRAIgDvN0wame29QwKqwHQJTCaEiVMUC5SHcC7B8L1BffaGECIBAW2hCuzRPORMFzcWMh5zG9oS2Rnhp9oTx5Ern9LUvd&rm=sn-nx5z676&rrc=104,191&req\_id=11654717e1e6a3ee&cps=426&ipbypass=yes&redirect\_counter=2&cm2rm=sn-hp5rr7l&cms\_redirect=yes&cmsv=e&met=1773679289,&mh=zt&mip=2603:900b:4640:17ab:f829:fbd8:75ac:aa64&mm=34&mn=sn-q4fl6n6z&ms=ltu&mt=1773678776&mv=m&mvi=1&pl=35&lsparams=cps,ipbypass,met,mh,mip,mm,mn,ms,mv,mvi,pl,rms&lsig=APaTxxMwRQIhALRsrldj5rSbHEi-GfYCRITSmIzEf8ohOL1lbJEHFHYsAiB6\_c9F5x2hA6XqrcukOqOCZXX6QNRc1vW\_BzROoz4R1w%3D%3D](https://rr1---sn-q4fl6n6z.googlevideo.com/videoplayback?expire=1773700878&ei=rjK4ae66K4eosfIP8p_ZoAc&ip=191.96.202.50&id=o-AF7mSPwOH4HjReKxYyd1Vqfhwu4uU9TMP6irE-nMAusp&itag=18&source=youtube&requiressl=yes&xpc=EgVo2aDSNQ%3D%3D&rms=au%2Cau&bui=AVNa5-yJecGMuyD2NnD-BIEVfkYOjvpzkywvTXB0VOnuMwyLWyFSfwj6LNg7HDKRlsXuvMp5LAxB-dzx&spc=6dlaFLW2sOmRPXmflbvTqQNZsfjanT0C07vRQgefp9tX72IY4uqf99S4MaASr8P8PrA&vprv=1&svpuc=1&mime=video%2Fmp4&rqh=1&gir=yes&clen=135629934&ratebypass=yes&dur=3578.380&lmt=1773677250012415&fexp=51565116,51565682,51791334&c=ANDROID&txp=7209224&sparams=expire%2Cei%2Cip%2Cid%2Citag%2Csource%2Crequiressl%2Cxpc%2Cbui%2Cspc%2Cvprv%2Csvpuc%2Cmime%2Crqh%2Cgir%2Cclen%2Cratebypass%2Cdur%2Clmt&sig=AHEqNM4wRAIgDvN0wame29QwKqwHQJTCaEiVMUC5SHcC7B8L1BffaGECIBAW2hCuzRPORMFzcWMh5zG9oS2Rnhp9oTx5Ern9LUvd&rm=sn-nx5z676&rrc=104,191&req_id=11654717e1e6a3ee&cps=426&ipbypass=yes&redirect_counter=2&cm2rm=sn-hp5rr7l&cms_redirect=yes&cmsv=e&met=1773679289,&mh=zt&mip=2603:900b:4640:17ab:f829:fbd8:75ac:aa64&mm=34&mn=sn-q4fl6n6z&ms=ltu&mt=1773678776&mv=m&mvi=1&pl=35&lsparams=cps,ipbypass,met,mh,mip,mm,mn,ms,mv,mvi,pl,rms&lsig=APaTxxMwRQIhALRsrldj5rSbHEi-GfYCRITSmIzEf8ohOL1lbJEHFHYsAiB6_c9F5x2hA6XqrcukOqOCZXX6QNRc1vW_BzROoz4R1w%3D%3D)",6,12,https://www.reddit.com/r/RedditRats2/comments/1rves12/daily_trash_live_31626/,https://www.reddit.com/r/RedditRats2/comments/1rves12/daily_trash_live_31626/,1773679516.0,2026-03-16 16:45:16,AlarmingEar8080,1rves12
EI,AskIreland,"seems unlikely, can someone verify?",i feel like there has to at least 5 ,110,26,https://i.redd.it/zhkll11urfpg1.jpeg,https://www.reddit.com/r/AskIreland/comments/1rves0x/seems_unlikely_can_someone_verify/,1773679516.0,2026-03-16 16:45:16,Ordinary_Turnover_59,1rves0x
EI,Christianity,Solomon's Firm Foundation - Cody Carnes - Drum Cover With Click First ta...,,1,0,https://youtube.com/watch?v=OXX7l5J2zF0&si=ih7n88YpknBTSerM,https://www.reddit.com/r/Christianity/comments/1rverlh/solomons_firm_foundation_cody_carnes_drum_cover/,1773679491.0,2026-03-16 16:44:51,Vast-Canary-1121,1rverlh
EI,conorthography,Welsh orthography reform (Southern Welsh),"Adding some new letters:

X-\[ð\]

V-\[v\]

Spelling changes:

Ae/Au >>> Ai

Ex: Hael > Hail, Cau > Cai

Eu >>> Ei

Ex: Creu > Crei

Aw >>> Au

Ex: Llaw > Llau

Ew >>> Eu

Ex: Llew > Lleu

Saesneg >>> Seisneg

WY >>> UI

Ex:  Gwyn > Guin

Oe >>> Oi

Ex: Coeden > Coiden

UW/YW > IU

Ex: Duw > Diu, Menyw > Meniu

Alphabet:

A B C D E F G H I J L M N O P R S T U **V X** Y 

Orthography:

A-\[a/aː\]

B-\[b\]

C-\[k\]

D-\[d\]

E-\[ɛ/e:\]

F-\[f\]

G-\[g\]

H-\[h\]

I-\[ɪ/i:/j\]

J-\[dʒ\]

L-\[l\]

M-\[m\]

N-\[n\]

O-\[ɔ/o:\]

P-\[p\]

R-\[r\]

S-\[s\]

T-\[t\]

U-\[ʊ/u:/w\]

V-\[v\]

X-\[ð\]

Y-\[[ə](https://en.wikipedia.org/wiki/Mid_central_vowel)\]

So a few changes:

\-Digraphs Ch, Ll, Ng, Rh, Th will still be used. Ph will be replaced with F, Dd with X, and Ff with F. So in P's aspirate mutation, it will change to F, not Ph. However, digraphs won't be part of the alphabet and will just be treated as letter combinations. 

\-Y will only be used for the schwa sound and in other cases will be replaced with I. U will take the role of W and it's current role of U will also be replaced with I. W won't exist anymore. 

\-V will replace F for the \[v\] sound. F will be repurposed for the \[f\] sound like in English. X will take the role of \[ð\] sound, replacing Dd because X is already so obsolete in most languages in Europe. 

Sample Text:

# (Testin enghraift yn y Gymraig)

Genir paub yn rhix ac yn gidrax â'i gilix meun irxas a hauliai. Ve'i cynysgaexir â rhesum a chyduibod, a dylai paub ymxuin y naill at y llall meun ysbrid cymodlon.  
(*Datganiad Cyfredinol O Hauliau Dynol*)



",2,0,https://www.reddit.com/r/conorthography/comments/1rvenq5/welsh_orthography_reform_southern_welsh/,https://www.reddit.com/r/conorthography/comments/1rvenq5/welsh_orthography_reform_southern_welsh/,1773679264.0,2026-03-16 16:41:04,Remarkable-Rate-9688,1rvenq5
EI,Drumming,Solomon's Firm Foundation - Cody Carnes - Drum Cover With Click First ta...,,0,0,https://youtube.com/watch?v=OXX7l5J2zF0&si=ih7n88YpknBTSerM,https://www.reddit.com/r/Drumming/comments/1rvenp5/solomons_firm_foundation_cody_carnes_drum_cover/,1773679262.0,2026-03-16 16:41:02,Vast-Canary-1121,1rvenp5
Mashreq,UAE,Transferring AED funds to GIFT city in India,Hi - I am trying to transfer my AED funds from Mashreq to GIFT city India. Has anyone done this online (through app or through email approvals etc. )?,0,4,https://www.reddit.com/r/UAE/comments/1rvajdd/transferring_aed_funds_to_gift_city_in_india/,https://www.reddit.com/r/UAE/comments/1rvajdd/transferring_aed_funds_to_gift_city_in_india/,1773670302.0,2026-03-16 14:11:42,Certain_Anteater_643,1rvajdd
Mashreq,UAE,Mashreq bank app down ?,Title.,5,1,https://www.reddit.com/r/UAE/comments/1rv921i/mashreq_bank_app_down/,https://www.reddit.com/r/UAE/comments/1rv921i/mashreq_bank_app_down/,1773666764.0,2026-03-16 13:12:44,West_Vegetable9500,1rv921i
Mashreq,UAE,Mashreq Bank App Down?,,3,20,https://www.reddit.com/r/UAE/comments/1rv6k7v/mashreq_bank_app_down/,https://www.reddit.com/r/UAE/comments/1rv6k7v/mashreq_bank_app_down/,1773659557.0,2026-03-16 11:12:37,Future-Use-6302,1rv6k7v
Mashreq,u_mubishra03,Credit cards and quick cash loan,,1,0,https://www.reddit.com/gallery/1rv4c7g,https://www.reddit.com/r/u_mubishra03/comments/1rv4c7g/credit_cards_and_quick_cash_loan/,1773651665.0,2026-03-16 09:01:05,mubishra03,1rv4c7g
